,City,Lat,Lng,Max Temp (F),Humidity (%),Cloudiness (%),Wind Speed,Country,Date
0,ipameri,-17.72,-48.16,62.19,73.0,1.0,4.97,BR,1592192599.0
1,peniche,39.36,-9.38,56.62,90.0,0.0,1.81,PT,1592192599.0
2,wahiawa,21.5,-158.02,80.73,61.0,75.0,9.17,US,1592192487.0
3,punta arenas,-53.15,-70.92,37.2,93.0,100.0,11.41,CL,1592192388.0
4,butaritari,3.07,172.79,83.12,71.0,56.0,4.63,KI,1592192600.0
5,la ronge,55.1,-105.28,73.4,60.0,90.0,17.22,CA,1592192600.0
6,rikitea,-23.12,-134.97,75.79,87.0,92.0,10.94,PF,1592192600.0
7,atuona,-9.8,-139.03,80.29,75.0,55.0,14.85,PF,1592192600.0
8,lebu,-37.62,-73.65,46.56,67.0,98.0,9.55,CL,1592192600.0
9,hobart,-42.88,147.33,59.56,51.0,75.0,18.34,AU,1592192415.0
10,jamestown,42.1,-79.24,56.93,58.0,1.0,9.17,US,1592192600.0
11,taree,-31.9,152.47,66.52,37.0,0.0,3.36,AU,1592192600.0
12,privas,44.58,4.5,55.0,79.0,0.0,4.0,FR,1592192601.0
13,camocim,-2.9,-40.84,75.42,88.0,17.0,8.01,BR,1592192601.0
14,pasni,25.26,63.47,84.61,79.0,65.0,3.33,PK,1592192601.0
15,bluff,-46.6,168.33,53.87,71.0,100.0,17.47,NZ,1592192601.0
16,mar del plata,-38.0,-57.56,44.37,60.0,0.0,5.82,AR,1592192335.0
17,albany,42.6,-73.97,53.98,64.0,33.0,3.56,US,1592192461.0
18,roald,62.58,6.13,57.38,93.0,83.0,4.7,NO,1592192601.0
19,dagda,56.1,27.54,58.82,98.0,94.0,9.48,LV,1592192601.0
20,saint-pierre,-21.34,55.48,64.49,73.0,8.0,13.87,RE,1592192601.0
22,airai,-8.93,125.41,73.08,71.0,66.0,5.75,TL,1592192602.0
23,talas,38.69,35.55,48.2,93.0,0.0,2.24,TR,1592192602.0
24,bonavista,48.65,-53.11,43.0,80.0,100.0,5.68,CA,1592192602.0
25,tuktoyaktuk,69.45,-133.04,64.4,48.0,20.0,12.75,CA,1592192602.0
26,ushuaia,-54.8,-68.3,32.0,95.0,75.0,3.36,AR,1592192602.0
27,cabedelo,-6.98,-34.83,76.69,86.0,50.0,9.33,BR,1592192602.0
28,port alfred,-33.59,26.89,57.0,85.0,68.0,5.01,ZA,1592192602.0
30,pangody,65.85,74.49,45.9,56.0,54.0,19.37,RU,1592192603.0
31,hermanus,-34.42,19.23,48.99,95.0,28.0,9.62,ZA,1592192603.0
32,hithadhoo,-0.6,73.08,84.31,72.0,60.0,8.46,MV,1592192603.0
33,hilo,19.73,-155.09,77.94,65.0,40.0,10.29,US,1592192603.0
34,kapuskasing,49.42,-82.43,59.0,47.0,20.0,4.7,CA,1592192603.0
35,luanda,-8.84,13.23,73.4,83.0,75.0,5.82,AO,1592192580.0
36,leshukonskoye,64.9,45.76,65.37,61.0,26.0,10.18,RU,1592192603.0
37,ribeira grande,38.52,-28.7,62.01,78.0,7.0,14.97,PT,1592192603.0
38,dikson,73.51,80.55,31.71,95.0,12.0,8.81,RU,1592192604.0
39,lompoc,34.64,-120.46,56.08,87.0,90.0,14.99,US,1592192604.0
40,margate,51.38,1.39,59.32,83.0,36.0,2.08,GB,1592192604.0
41,ilulissat,69.22,-51.1,32.0,97.0,100.0,6.93,GL,1592192604.0
42,hobyo,5.35,48.53,80.04,68.0,22.0,19.91,SO,1592192604.0
43,haines junction,60.75,-137.51,51.06,74.0,97.0,4.94,CA,1592192604.0
44,carnarvon,-24.87,113.63,74.3,29.0,12.0,14.74,AU,1592192604.0
45,cherskiy,68.75,161.3,71.4,34.0,49.0,5.23,RU,1592192604.0
46,komsomolskiy,40.43,71.72,78.8,34.0,30.0,9.17,UZ,1592192605.0
47,thinadhoo,0.53,72.93,83.77,76.0,41.0,9.69,MV,1592192605.0
48,busselton,-33.65,115.33,62.82,53.0,81.0,11.86,AU,1592192580.0
49,vaini,-21.2,-175.2,75.2,69.0,40.0,12.75,TO,1592192605.0
50,port elizabeth,-33.92,25.57,55.4,87.0,20.0,10.29,ZA,1592192605.0
51,atbasar,51.8,68.33,58.6,42.0,84.0,12.33,KZ,1592192605.0
52,ostrovnoy,68.05,39.51,55.71,53.0,70.0,3.49,RU,1592192605.0
53,sandnessjoen,66.02,12.63,53.6,93.0,75.0,6.93,NO,1592192606.0
54,celestun,20.87,-90.4,79.47,81.0,8.0,8.59,MX,1592192606.0
55,goderich,43.75,-81.72,54.77,67.0,50.0,1.01,CA,1592192606.0
56,faanui,-16.48,-151.75,80.28,79.0,98.0,9.91,PF,1592192606.0
57,kapaa,22.08,-159.32,78.78,69.0,40.0,13.87,US,1592192606.0
59,puerto ayora,-0.74,-90.35,71.01,91.0,14.0,5.99,EC,1592192606.0
60,namibe,-15.2,12.15,70.2,57.0,0.0,4.47,AO,1592192606.0
61,tilichiki,60.47,166.1,55.67,58.0,82.0,8.77,RU,1592192606.0
62,kapenguria,1.25,35.09,56.53,96.0,95.0,3.69,KE,1592192607.0
63,hamilton,39.18,-84.53,61.03,82.0,1.0,7.85,US,1592192413.0
64,kodiak,57.79,-152.41,53.6,76.0,40.0,9.17,US,1592192607.0
65,teeli,51.03,90.23,72.99,37.0,35.0,1.23,RU,1592192607.0
66,kavaratti,10.57,72.64,86.0,79.0,40.0,9.17,IN,1592192607.0
67,castro,-24.79,-50.01,53.37,90.0,84.0,10.27,BR,1592192607.0
68,markala,13.7,-6.07,86.97,45.0,18.0,7.74,ML,1592192607.0
69,santa rosa,14.31,121.11,88.29,66.0,75.0,6.93,PH,1592192607.0
70,carauari,-4.88,-66.9,73.6,96.0,51.0,1.25,BR,1592192607.0
71,avarua,-21.21,-159.78,69.8,77.0,75.0,10.29,CK,1592192608.0
72,vestmannaeyjar,63.44,-20.27,49.1,96.0,100.0,22.88,IS,1592192608.0
73,bethel,41.37,-73.41,52.5,87.0,1.0,3.36,US,1592192514.0
74,senanga,-16.12,23.27,49.44,90.0,0.0,4.83,ZM,1592192608.0
75,touros,-5.2,-35.46,75.2,94.0,75.0,3.36,BR,1592192608.0
76,araxa,-19.59,-46.94,58.53,80.0,2.0,7.83,BR,1592192479.0
77,bathsheba,13.22,-59.52,82.4,74.0,20.0,19.46,BB,1592192608.0
78,bambous virieux,-20.34,57.76,71.78,78.0,40.0,10.29,MU,1592192608.0
79,mataura,-46.19,168.86,47.84,73.0,100.0,4.85,NZ,1592192609.0
80,geraldton,-28.77,114.6,69.8,43.0,0.0,14.99,AU,1592192609.0
81,auxerre,47.8,3.57,52.86,89.0,1.0,5.82,FR,1592192609.0
82,thoen,17.61,99.22,79.65,82.0,100.0,3.2,TH,1592192609.0
83,khatanga,71.97,102.5,63.16,30.0,87.0,16.67,RU,1592192609.0
84,asau,46.43,26.4,62.01,93.0,95.0,2.73,RO,1592192609.0
85,bintulu,3.17,113.03,89.29,70.0,75.0,2.24,MY,1592192609.0
86,arraial do cabo,-22.97,-42.03,70.59,81.0,86.0,14.88,BR,1592192609.0
87,canton,23.12,113.25,90.81,66.0,40.0,8.95,CN,1592192325.0
88,payo,-3.75,103.64,89.74,49.0,52.0,4.32,ID,1592192610.0
89,bredasdorp,-34.53,20.04,50.0,93.0,71.0,1.72,ZA,1592192610.0
90,alcantara,-2.41,-44.41,78.8,94.0,40.0,4.47,BR,1592192610.0
91,msanga,-6.05,36.03,59.0,82.0,20.0,2.73,TZ,1592192610.0
92,padilla,3.22,-76.31,69.8,88.0,75.0,4.7,CO,1592192610.0
93,isangel,-19.55,169.27,82.4,65.0,75.0,11.41,VU,1592192610.0
94,broken hill,-31.95,141.43,62.6,42.0,0.0,14.99,AU,1592192610.0
95,esperance,-33.87,121.9,60.8,59.0,42.0,17.22,AU,1592192610.0
96,saint anthony,45.02,-93.22,70.02,40.0,1.0,11.41,US,1592192610.0
97,yamada,39.47,141.95,74.52,61.0,41.0,1.97,JP,1592192611.0
98,barrow,71.29,-156.79,42.8,75.0,1.0,12.75,US,1592192611.0
99,nikolskoye,59.7,30.79,56.62,71.0,29.0,6.71,RU,1592192611.0
100,noumea,-22.28,166.46,78.8,57.0,90.0,4.7,NC,1592192611.0
101,san jeronimo,-11.95,-75.28,49.68,70.0,67.0,1.63,PE,1592192611.0
102,mamallapuram,12.63,80.17,92.59,49.0,75.0,17.22,IN,1592192611.0
103,atambua,-9.11,124.89,83.86,58.0,30.0,2.24,ID,1592192611.0
104,provideniya,64.38,-173.3,53.6,66.0,90.0,4.47,RU,1592192611.0
105,elmina,5.09,-1.35,77.61,89.0,96.0,7.05,GH,1592192612.0
106,qaanaaq,77.48,-69.36,39.97,68.0,0.0,4.81,GL,1592192612.0
107,pokhara,28.23,83.98,85.53,54.0,0.0,4.61,NP,1592192482.0
108,tigil,57.8,158.67,73.18,27.0,40.0,7.36,RU,1592192612.0
109,narsaq,60.92,-46.05,41.0,65.0,0.0,12.75,GL,1592192612.0
110,vila velha,-20.33,-40.29,73.18,88.0,75.0,6.93,BR,1592192612.0
111,pevek,69.7,170.31,39.85,84.0,13.0,8.99,RU,1592192612.0
113,san quintin,30.48,-115.95,62.83,85.0,0.0,12.06,MX,1592192613.0
114,sao sebastiao,-23.76,-45.41,66.97,85.0,99.0,4.36,BR,1592192613.0
115,namatanai,-3.67,152.43,84.18,72.0,98.0,3.58,PG,1592192613.0
117,cidreira,-30.18,-50.21,53.44,73.0,0.0,8.93,BR,1592192613.0
118,nevelsk,46.67,141.86,60.8,67.0,40.0,6.71,RU,1592192613.0
120,alofi,-19.06,-169.92,69.8,88.0,71.0,18.34,NU,1592192614.0
121,boende,-0.22,20.87,71.4,86.0,61.0,0.47,CD,1592192614.0
122,vila franca do campo,37.72,-25.43,57.2,87.0,40.0,18.34,PT,1592192614.0
123,saint-philippe,-21.36,55.77,63.57,73.0,36.0,13.87,RE,1592192614.0
124,leua,48.22,18.61,62.01,97.0,69.0,3.0,SK,1592192614.0
125,ler,8.3,30.14,70.84,88.0,88.0,0.65,SS,1592192614.0
126,new norfolk,-42.78,147.06,56.55,77.0,94.0,5.99,AU,1592192614.0
127,owando,-0.48,15.9,73.62,85.0,69.0,2.01,CG,1592192614.0
128,paamiut,61.99,-49.67,36.91,88.0,73.0,7.56,GL,1592192614.0
129,bud,39.45,-86.18,62.71,54.0,0.0,8.55,US,1592192615.0
130,punata,-17.55,-65.83,57.2,62.0,9.0,4.7,BO,1592192615.0
131,ulladulla,-35.35,150.47,58.8,51.0,0.0,21.92,AU,1592192615.0
132,georgetown,5.41,100.34,87.19,74.0,20.0,6.11,MY,1592192615.0
133,san patricio,19.22,-104.7,78.82,78.0,0.0,5.46,MX,1592192615.0
134,zhuanghe,39.7,122.99,86.04,34.0,0.0,11.52,CN,1592192422.0
135,swan hill,-35.34,143.55,64.83,55.0,17.0,14.79,AU,1592192615.0
136,guerrero negro,27.98,-114.06,63.57,85.0,0.0,15.97,MX,1592192485.0
137,valparaiso,-33.04,-71.63,55.4,82.0,90.0,4.7,CL,1592192596.0
138,yellowknife,62.46,-114.35,61.11,45.0,75.0,17.22,CA,1592192351.0
139,turiacu,-1.66,-45.37,74.46,95.0,69.0,3.53,BR,1592192616.0
140,cape town,-33.93,18.42,51.22,100.0,9.0,1.12,ZA,1592192528.0
141,gat,31.61,34.76,66.67,83.0,0.0,2.04,IL,1592192616.0
142,adre,13.47,22.2,77.23,32.0,91.0,7.85,TD,1592192616.0
143,nara,34.69,135.8,82.78,62.0,75.0,13.87,JP,1592192409.0
144,osmaniye,37.07,36.25,68.0,87.0,12.0,0.89,TR,1592192616.0
145,torbay,47.67,-52.73,43.07,93.0,90.0,6.93,CA,1592192616.0
146,chuy,-33.7,-53.46,43.63,72.0,0.0,4.25,UY,1592192523.0
147,dudinka,69.41,86.18,46.4,70.0,40.0,22.37,RU,1592192617.0
148,clyde river,70.47,-68.59,33.8,94.0,1.0,19.46,CA,1592192617.0
150,chimbote,-9.09,-78.58,62.47,86.0,61.0,5.95,PE,1592192617.0
151,vanimo,-2.67,141.3,85.82,68.0,97.0,8.79,PG,1592192617.0
152,aklavik,68.22,-135.01,77.0,22.0,20.0,12.75,CA,1592192617.0
153,segezha,63.74,34.32,61.75,61.0,58.0,8.75,RU,1592192617.0
155,timizart,36.8,4.27,59.88,48.0,0.0,3.85,DZ,1592192617.0
156,graz,47.07,15.45,59.79,93.0,75.0,1.12,AT,1592192618.0
157,banjar,-8.19,114.97,86.0,84.0,40.0,16.11,ID,1592192618.0
158,port lincoln,-34.73,135.87,63.68,69.0,11.0,18.7,AU,1592192618.0
159,east london,-33.02,27.91,57.78,42.0,10.0,11.52,ZA,1592192618.0
160,saint george,37.1,-113.58,86.0,11.0,1.0,5.82,US,1592192618.0
161,tautira,-17.73,-149.15,81.14,74.0,75.0,5.82,PF,1592192618.0
163,mariental,-24.63,17.97,37.92,66.0,0.0,1.66,NA,1592192618.0
164,baglung,28.27,83.59,83.21,53.0,0.0,4.43,NP,1592192619.0
165,montrose,38.42,-108.27,76.12,7.0,1.0,3.36,US,1592192522.0
166,gizo,-8.1,156.84,84.85,70.0,92.0,4.05,SB,1592192619.0
168,erenhot,43.65,111.98,80.15,19.0,4.0,3.69,CN,1592192619.0
169,broome,42.25,-75.83,47.39,62.0,1.0,4.7,US,1592192619.0
170,axim,4.87,-2.24,77.63,90.0,97.0,8.46,GH,1592192619.0
171,corinto,37.94,22.96,71.01,61.0,21.0,1.99,GR,1592192619.0
172,phatthalung,7.5,100.08,86.0,79.0,20.0,4.74,TH,1592192620.0
173,caravelas,-17.71,-39.25,74.44,74.0,67.0,9.19,BR,1592192620.0
174,auki,-8.77,160.7,85.42,67.0,100.0,3.51,SB,1592192620.0
175,thompson,55.74,-97.86,77.0,47.0,75.0,3.36,CA,1592192620.0
176,huaibei,33.97,116.79,90.09,47.0,100.0,6.55,CN,1592192620.0
177,moree,-29.47,149.85,62.6,51.0,0.0,5.82,AU,1592192620.0
178,santa vitoria do palmar,-33.52,-53.37,44.19,73.0,0.0,4.59,BR,1592192620.0
179,buraydah,26.33,43.98,86.0,23.0,0.0,18.34,SA,1592192441.0
180,dingle,11.0,122.67,90.86,56.0,87.0,9.26,PH,1592192620.0
181,college,64.86,-147.8,65.52,63.0,75.0,3.36,US,1592192621.0
182,mulchen,-37.72,-72.23,40.87,88.0,89.0,3.02,CL,1592192621.0
183,san jose,37.34,-121.89,65.55,63.0,75.0,18.34,US,1592192100.0
184,edd,13.93,41.69,90.84,43.0,94.0,3.67,ER,1592192621.0
185,hofn,64.25,-15.21,48.61,87.0,8.0,15.41,IS,1592192621.0
186,upernavik,72.79,-56.15,32.23,95.0,72.0,12.44,GL,1592192621.0
187,tasiilaq,65.61,-37.64,37.4,86.0,100.0,28.86,GL,1592192621.0
188,trairi,-3.28,-39.27,75.22,90.0,0.0,7.38,BR,1592192622.0
189,bucerias,20.75,-105.33,80.01,87.0,0.0,1.01,MX,1592192622.0
190,santiago del estero,-27.8,-64.26,51.48,45.0,1.0,8.43,AR,1592192622.0
191,bakchar,57.02,82.07,56.05,54.0,84.0,10.36,RU,1592192622.0
192,forssa,60.81,23.62,50.99,81.0,0.0,3.36,FI,1592192622.0
195,hasaki,35.73,140.83,91.29,51.0,75.0,3.36,JP,1592192622.0
197,rio grande,-32.03,-52.1,48.69,64.0,0.0,5.68,BR,1592192623.0
198,souillac,-20.52,57.52,71.6,78.0,40.0,10.29,MU,1592192623.0
199,bage,-31.33,-54.11,37.4,93.0,0.0,9.17,BR,1592192623.0
201,ampanihy,-24.7,44.75,55.94,93.0,11.0,6.29,MG,1592192623.0
202,boundiali,9.52,-6.49,72.66,88.0,1.0,3.27,CI,1592192623.0
203,yar-sale,66.83,70.83,47.77,53.0,46.0,14.65,RU,1592192623.0
204,port-gentil,-0.72,8.78,74.98,86.0,74.0,12.03,GA,1592192624.0
206,lagunas,-5.23,-75.68,72.72,95.0,71.0,0.6,PE,1592192624.0
207,chokurdakh,70.63,147.92,80.33,28.0,100.0,16.96,RU,1592192624.0
208,blacksburg,37.23,-80.41,56.7,100.0,100.0,4.68,US,1592192365.0
209,marienburg,54.04,19.03,54.34,100.0,48.0,1.88,PL,1592192624.0
210,siocon,7.71,122.14,85.12,73.0,98.0,4.12,PH,1592192624.0
211,caramay,10.18,119.24,80.65,81.0,100.0,4.52,PH,1592192624.0
212,henties bay,-22.12,14.28,60.75,47.0,0.0,5.95,NA,1592192624.0
213,salalah,17.02,54.09,86.0,79.0,75.0,3.36,OM,1592192625.0
214,padang,-0.95,100.35,85.82,67.0,44.0,4.43,ID,1592192625.0
215,inuvik,68.35,-133.72,77.0,22.0,20.0,12.75,CA,1592192625.0
216,poum,-20.23,164.02,75.65,72.0,1.0,16.58,NC,1592192625.0
217,champerico,14.3,-91.92,81.93,77.0,13.0,4.52,GT,1592192625.0
218,shediac,46.22,-64.54,50.0,76.0,90.0,5.82,CA,1592192625.0
219,olavarria,-36.89,-60.32,39.99,63.0,44.0,3.0,AR,1592192625.0
220,matongo,-2.38,34.08,60.69,82.0,5.0,2.95,TZ,1592192625.0
221,mount isa,-20.73,139.5,77.0,25.0,0.0,13.87,AU,1592192625.0
222,coahuayana,18.73,-103.68,78.53,78.0,85.0,1.52,MX,1592192626.0
223,korla,41.76,86.15,85.03,14.0,0.0,12.86,CN,1592192626.0
224,marsh harbour,26.54,-77.06,78.26,77.0,100.0,12.93,BS,1592192626.0
225,san cristobal,7.77,-72.22,66.02,85.0,54.0,2.95,VE,1592192626.0
226,dunedin,-45.87,170.5,50.47,61.0,100.0,1.99,NZ,1592192626.0
227,mandalgovi,45.76,106.27,81.63,14.0,99.0,13.0,MN,1592192626.0
228,feijo,-8.16,-70.35,71.51,97.0,99.0,2.64,BR,1592192626.0
230,colorado springs,38.83,-104.82,75.74,25.0,40.0,14.99,US,1592192453.0
231,batticaloa,7.71,81.69,85.82,63.0,99.0,6.42,LK,1592192627.0
232,jimma,7.67,36.83,59.18,89.0,74.0,1.14,ET,1592192627.0
233,grand gaube,-20.01,57.66,72.0,75.0,15.0,8.99,MU,1592192627.0
234,garbolovo,60.34,30.5,55.99,69.0,0.0,3.83,RU,1592192627.0
235,cocachacra,-17.09,-71.76,60.66,81.0,79.0,2.24,PE,1592192627.0
236,havre-saint-pierre,50.23,-63.6,41.0,80.0,1.0,5.82,CA,1592192627.0
237,bilibino,68.05,166.44,70.05,31.0,55.0,2.59,RU,1592192627.0
238,vao,-22.67,167.48,71.67,77.0,29.0,22.15,NC,1592192627.0
239,rio gallegos,-51.62,-69.22,32.0,96.0,90.0,2.24,AR,1592192628.0
240,novyy urengoy,66.08,76.63,46.47,53.0,53.0,21.25,RU,1592192628.0
241,yulara,-25.24,130.99,66.2,34.0,46.0,14.99,AU,1592192628.0
242,tommot,58.96,126.29,62.71,64.0,26.0,9.01,RU,1592192628.0
243,mangit,40.6,70.96,82.4,30.0,1.0,6.93,UZ,1592192628.0
244,ovar,40.86,-8.63,56.68,79.0,73.0,1.21,PT,1592192628.0
245,da lat,11.95,108.44,72.57,71.0,100.0,4.81,VN,1592192587.0
246,andenes,69.31,16.12,46.4,81.0,98.0,11.41,NO,1592192628.0
247,yarim,14.3,44.38,64.02,29.0,70.0,5.66,YE,1592192628.0
248,batemans bay,-35.72,150.18,60.55,51.0,0.0,5.99,AU,1592192629.0
249,flinders,-34.58,150.86,68.32,54.0,9.0,13.0,AU,1592192464.0
250,amga,60.9,131.96,67.03,61.0,99.0,3.13,RU,1592192629.0
251,vostok,46.49,135.88,53.04,96.0,54.0,5.64,RU,1592192629.0
252,lower hutt,-41.22,174.92,54.46,93.0,100.0,20.8,NZ,1592192511.0
253,galveston,29.37,-94.97,80.76,74.0,1.0,12.75,US,1592192629.0
254,berettyoujfalu,47.22,21.55,64.96,88.0,90.0,3.36,HU,1592192629.0
257,luderitz,-26.65,15.16,57.2,33.0,0.0,1.12,NA,1592192630.0
258,heishan,41.69,122.11,85.51,22.0,0.0,16.69,CN,1592192630.0
259,balsas,-7.53,-46.04,75.61,70.0,42.0,5.3,BR,1592192630.0
260,anadyr,64.75,177.48,44.6,81.0,20.0,20.13,RU,1592192630.0
262,ontario,34.06,-117.65,72.59,41.0,20.0,11.41,US,1592192413.0
263,malakal,9.53,31.66,72.73,86.0,91.0,3.11,SS,1592192630.0
264,katangli,51.71,143.23,43.02,86.0,100.0,9.37,RU,1592192630.0
265,ilinge,-31.98,27.04,29.43,84.0,0.0,3.18,ZA,1592192631.0
266,dawei,14.08,98.2,77.45,92.0,100.0,6.69,MM,1592192631.0
267,avera,33.19,-82.53,70.79,77.0,1.0,3.36,US,1592192631.0
268,purwodadi,-7.09,110.92,87.8,66.0,40.0,13.87,ID,1592192631.0
269,sao filipe,14.9,-24.5,75.33,82.0,5.0,2.66,CV,1592192631.0
270,lata,40.16,-8.33,57.78,88.0,28.0,0.51,PT,1592192631.0
271,oyonnax,46.26,5.66,52.97,87.0,87.0,1.12,FR,1592192631.0
272,kutum,14.2,24.67,67.01,80.0,71.0,4.74,SD,1592192631.0
273,kavieng,-2.57,150.8,84.38,73.0,100.0,8.66,PG,1592192632.0
274,sambava,-14.27,50.17,72.52,72.0,98.0,13.27,MG,1592192632.0
275,warri,5.52,5.75,74.08,97.0,57.0,2.8,NG,1592192632.0
276,te anau,-45.42,167.72,51.01,80.0,100.0,7.81,NZ,1592192632.0
277,bengkulu,-3.8,102.27,86.45,57.0,75.0,5.5,ID,1592192632.0
278,ejura,7.39,-1.36,71.69,97.0,12.0,3.65,GH,1592192632.0
279,berlevag,70.86,29.09,46.4,65.0,75.0,29.84,NO,1592192632.0
280,serchhip,23.3,92.83,82.4,78.0,40.0,11.41,IN,1592192632.0
281,ginda,30.69,78.49,80.04,35.0,0.0,4.05,IN,1592192632.0
282,sopelana,43.38,-2.98,60.04,87.0,40.0,2.24,ES,1592192633.0
283,kununurra,-15.77,128.73,87.8,30.0,0.0,8.05,AU,1592192633.0
284,mudon,16.26,97.72,81.97,83.0,97.0,9.22,MM,1592192633.0
285,newton abbot,50.53,-3.61,51.1,92.0,23.0,1.61,GB,1592192633.0
286,katsuura,35.13,140.3,89.19,62.0,75.0,11.41,JP,1592192633.0
287,udachnyy,66.42,112.4,46.4,100.0,90.0,11.18,RU,1592192633.0
289,pisco,-13.7,-76.22,62.35,88.0,90.0,11.41,PE,1592192633.0
290,qeshm,26.96,56.27,88.7,79.0,0.0,2.24,IR,1592192633.0
291,koumra,8.91,17.55,76.3,73.0,100.0,6.62,TD,1592192634.0
292,tungor,53.38,142.96,42.96,85.0,99.0,10.51,RU,1592192634.0
293,waipawa,-41.41,175.52,54.07,93.0,27.0,20.8,NZ,1592192634.0
294,verkhnyaya inta,65.98,60.31,58.89,61.0,75.0,14.0,RU,1592192634.0
296,alta floresta,-9.88,-56.09,70.09,68.0,0.0,3.65,BR,1592192634.0
297,juticalpa,14.65,-86.2,73.02,90.0,100.0,1.63,HN,1592192634.0
300,kainantu,-6.29,145.87,75.63,53.0,2.0,6.24,PG,1592192635.0
301,bosaso,11.28,49.18,91.24,44.0,100.0,10.25,SO,1592192635.0
303,mantua,45.17,10.78,63.68,90.0,95.0,1.99,IT,1592192635.0
304,mehamn,71.04,27.85,46.4,65.0,75.0,32.55,NO,1592192635.0
305,srednekolymsk,67.45,153.68,80.47,26.0,83.0,8.5,RU,1592192635.0
306,pucallpa,-8.38,-74.55,73.33,91.0,54.0,2.53,PE,1592192635.0
307,rabak,13.18,32.74,81.5,55.0,46.0,21.09,SD,1592192635.0
308,fatehpur,25.93,80.8,95.11,47.0,63.0,7.29,IN,1592192636.0
309,wanning,18.8,110.4,81.37,88.0,100.0,11.63,CN,1592192636.0
310,wilkie,52.42,-108.7,59.0,79.0,98.0,10.0,CA,1592192636.0
311,terney,45.05,136.61,53.83,76.0,88.0,5.99,RU,1592192636.0
312,klaksvik,62.23,-6.59,46.4,100.0,7.0,3.36,FO,1592192636.0
313,oksfjord,70.24,22.35,52.18,46.0,87.0,24.16,NO,1592192636.0
314,aksarka,66.56,67.8,51.22,47.0,56.0,8.32,RU,1592192636.0
315,port hardy,50.7,-127.42,57.2,62.0,90.0,5.82,CA,1592192636.0
316,antalaha,-14.9,50.28,71.17,79.0,99.0,9.64,MG,1592192636.0
318,teahupoo,-17.83,-149.27,81.14,74.0,75.0,5.82,PF,1592192637.0
319,tiksi,71.69,128.87,52.38,59.0,58.0,12.35,RU,1592192637.0
320,akdepe,42.06,59.38,88.74,19.0,0.0,2.24,TM,1592192637.0
321,beringovskiy,63.05,179.32,41.81,85.0,61.0,13.18,RU,1592192637.0
322,gambela,8.25,34.58,69.8,94.0,90.0,0.27,ET,1592192637.0
323,songea,-10.68,35.65,59.0,93.0,20.0,4.7,TZ,1592192637.0
324,saldanha,-33.01,17.94,50.0,87.0,0.0,1.12,ZA,1592192637.0
325,hobbs,32.7,-103.14,78.04,25.0,1.0,9.17,US,1592192637.0
326,jinchang,38.5,102.17,68.76,31.0,99.0,16.22,CN,1592192638.0
327,portland,45.52,-122.68,62.94,45.0,90.0,5.82,US,1592192420.0
329,alice springs,-23.7,133.88,64.4,34.0,16.0,12.75,AU,1592192624.0
330,nanortalik,60.14,-45.24,37.71,87.0,71.0,16.22,GL,1592192638.0
331,puerto madryn,-42.77,-65.04,50.16,48.0,61.0,3.67,AR,1592192638.0
332,sri aman,1.24,111.46,87.4,79.0,75.0,5.82,MY,1592192638.0
334,longyearbyen,78.22,15.64,35.6,69.0,75.0,8.05,SJ,1592192639.0
335,mao,39.89,4.27,68.49,75.0,0.0,6.46,ES,1592192639.0
336,aras,42.56,-2.36,53.6,87.0,31.0,3.36,ES,1592192639.0
337,havelock,34.88,-76.9,66.78,77.0,75.0,13.87,US,1592192639.0
338,katobu,-4.94,122.53,85.6,69.0,43.0,7.92,ID,1592192639.0
339,krasnoarmeysk,51.02,45.7,60.01,46.0,6.0,3.0,RU,1592192639.0
340,yeniseysk,58.45,92.17,55.06,60.0,77.0,7.31,RU,1592192639.0
341,emerald,-23.53,148.17,71.89,56.0,47.0,11.41,AU,1592192639.0
342,tezu,27.92,96.17,92.14,52.0,48.0,2.95,IN,1592192640.0
343,bantou,26.22,117.49,92.12,50.0,45.0,6.49,CN,1592192640.0
344,dali,25.7,100.18,77.81,55.0,81.0,1.57,CN,1592192640.0
345,gushikawa,26.35,127.87,86.54,84.0,40.0,16.11,JP,1592192640.0
346,hirado,33.36,129.55,77.0,83.0,75.0,2.24,JP,1592192640.0
347,conde,-7.26,-34.91,74.07,92.0,64.0,7.99,BR,1592192640.0
349,taoudenni,22.68,-3.98,95.63,16.0,0.0,11.74,ML,1592192640.0
350,aquiraz,-3.9,-38.39,78.8,83.0,40.0,4.7,BR,1592192641.0
351,ramshir,30.89,49.41,82.4,28.0,0.0,4.7,IR,1592192641.0
352,ponta do sol,32.67,-17.1,66.27,68.0,20.0,5.82,PT,1592192641.0
353,okhotsk,59.38,143.3,51.1,67.0,90.0,9.24,RU,1592192641.0
354,angoche,-16.23,39.91,67.64,80.0,10.0,12.55,MZ,1592192641.0
355,nome,64.5,-165.41,65.43,51.0,1.0,16.11,US,1592192641.0
356,vallenar,-28.57,-70.76,51.35,68.0,0.0,1.99,CL,1592192641.0
357,amuntai,-2.42,115.25,95.67,46.0,45.0,1.21,ID,1592192525.0
358,petropavlovsk-kamchatskiy,53.05,158.65,55.4,54.0,83.0,15.66,RU,1592192642.0
359,tuatapere,-46.13,167.68,55.98,73.0,100.0,6.58,NZ,1592192642.0
360,stromness,58.97,-3.3,51.21,100.0,95.0,14.12,GB,1592192642.0
361,hervey bay,-25.3,152.85,73.0,75.0,66.0,7.0,AU,1592192642.0
363,thunder bay,48.4,-89.32,50.0,66.0,40.0,3.36,CA,1592192528.0
364,sar-e pul,35.83,66.17,76.26,18.0,0.0,2.68,AF,1592192642.0
365,biak,-0.91,122.88,82.31,77.0,38.0,9.66,ID,1592192642.0
366,palmares do sul,-30.26,-50.51,49.71,80.0,0.0,5.95,BR,1592192643.0
367,nelson bay,-32.72,152.15,65.3,48.0,0.0,13.87,AU,1592192643.0
369,puerto escondido,15.85,-97.07,81.61,77.0,100.0,5.3,MX,1592192643.0
370,talnakh,69.49,88.4,46.4,70.0,40.0,22.37,RU,1592192643.0
371,saskylakh,71.92,114.08,59.18,35.0,49.0,11.18,RU,1592192643.0
373,agadir,30.42,-9.6,66.2,82.0,40.0,3.69,MA,1592192615.0
374,morrope,-6.54,-80.01,64.98,80.0,64.0,9.69,PE,1592192644.0
375,shimoda,34.67,138.95,82.87,78.0,75.0,12.75,JP,1592192644.0
376,grand-santi,4.25,-54.38,72.93,95.0,82.0,1.97,GF,1592192644.0
377,kiama,-34.68,150.87,66.52,56.0,8.0,15.99,AU,1592192644.0
378,leningradskiy,69.38,178.42,45.9,72.0,40.0,7.18,RU,1592192644.0
379,norman wells,65.28,-126.83,68.0,49.0,90.0,11.41,CA,1592192644.0
380,ngama,11.78,17.17,87.06,43.0,78.0,12.8,TD,1592192644.0
381,mogadishu,2.04,45.34,79.38,79.0,100.0,17.18,SO,1592192644.0
383,donskoye,45.46,41.97,64.2,88.0,100.0,3.56,RU,1592192645.0
384,iqaluit,63.75,-68.51,33.39,80.0,40.0,13.87,CA,1592192645.0
385,rafai,4.95,23.92,69.06,98.0,100.0,0.72,CF,1592192645.0
386,manzanillo,20.34,-77.12,76.41,88.0,100.0,7.2,CU,1592192645.0
387,lorengau,-2.02,147.27,86.31,66.0,97.0,8.68,PG,1592192645.0
388,campos,-21.75,-41.3,69.17,92.0,44.0,9.75,BR,1592192460.0
389,sao borja,-28.66,-56.0,43.9,75.0,7.0,8.81,BR,1592192645.0
390,texarkana,33.43,-94.05,76.73,65.0,1.0,3.36,US,1592192646.0
391,port hedland,-20.32,118.57,82.4,20.0,0.0,14.99,AU,1592192646.0
392,erzincan,39.75,39.5,48.2,87.0,100.0,3.36,TR,1592192646.0
393,taltal,-25.4,-70.48,55.47,77.0,6.0,1.59,CL,1592192646.0
394,santa cruz de la palma,28.68,-17.76,69.91,88.0,75.0,1.12,ES,1592192467.0
395,apollonia,36.97,24.72,68.72,94.0,0.0,5.82,GR,1592192646.0
396,mnogovershinnyy,53.94,139.92,42.91,89.0,96.0,5.99,RU,1592192646.0
397,banda aceh,5.56,95.32,87.53,63.0,96.0,6.89,ID,1592192537.0
398,sangin,32.07,64.84,94.44,9.0,0.0,17.87,AF,1592192646.0
399,socorro,31.65,-106.3,86.54,22.0,75.0,9.17,US,1592192647.0
400,mosquera,4.71,-74.23,55.4,76.0,75.0,3.36,CO,1592192647.0
401,sterling,39.01,-77.43,62.73,63.0,40.0,4.7,US,1592192647.0
402,tahe,52.33,124.73,75.11,34.0,63.0,8.43,CN,1592192647.0
403,pingzhuang,42.04,119.29,82.81,21.0,0.0,16.58,CN,1592192647.0
404,bushenyi,-0.59,30.21,60.42,97.0,100.0,2.82,UG,1592192647.0
405,san blas,21.52,-105.27,78.04,74.0,0.0,1.28,MX,1592192647.0
407,ahipara,-35.17,173.17,59.5,67.0,96.0,9.86,NZ,1592192648.0
408,wanaka,-44.7,169.15,47.23,78.0,100.0,6.4,NZ,1592192648.0
409,polyarnyy,69.2,33.45,53.6,71.0,97.0,4.47,RU,1592192648.0
410,reforma,18.1,-91.02,74.43,94.0,37.0,5.53,MX,1592192648.0
412,victoria,22.29,114.16,86.49,70.0,58.0,11.99,HK,1592192648.0
413,bogalusa,30.79,-89.85,73.92,88.0,40.0,3.36,US,1592192648.0
414,hovd,48.01,91.64,73.92,20.0,41.0,1.99,MN,1592192648.0
415,santa ines,-3.67,-45.38,73.08,97.0,67.0,2.15,BR,1592192648.0
416,abancay,-13.63,-72.88,53.56,71.0,28.0,1.86,PE,1592192649.0
417,cervo,43.67,-7.41,57.06,82.0,20.0,5.99,ES,1592192649.0
418,sibolga,1.74,98.78,87.94,57.0,71.0,4.32,ID,1592192649.0
419,manono,-7.3,27.42,65.01,56.0,0.0,6.06,CD,1592192649.0
420,guarapari,-20.67,-40.5,73.18,88.0,75.0,6.93,BR,1592192649.0
421,kaitangata,-46.28,169.85,50.0,66.0,100.0,1.99,NZ,1592192649.0
422,labuhan,-6.88,112.21,86.05,71.0,90.0,10.27,ID,1592192649.0
423,lafia,8.48,8.52,75.09,93.0,20.0,3.58,NG,1592192649.0
424,abu samrah,35.3,37.18,65.84,62.0,0.0,6.11,SY,1592192650.0
426,bilma,18.69,12.92,86.31,13.0,0.0,8.61,NE,1592192650.0
427,bay roberts,47.6,-53.26,43.3,1.0,100.0,7.9,CA,1592192650.0
428,rotenburg,53.12,9.4,57.47,86.0,90.0,1.99,DE,1592192650.0
429,hudson bay,52.85,-102.38,66.4,88.0,94.0,8.66,CA,1592192650.0
430,sinnamary,5.38,-52.95,77.95,85.0,86.0,5.5,GF,1592192650.0
431,ruteng,-8.61,120.47,76.23,65.0,19.0,2.64,ID,1592192650.0
432,santa isabel do rio negro,-0.41,-65.02,73.08,97.0,88.0,1.54,BR,1592192651.0
433,okakarara,-20.58,17.43,40.62,65.0,0.0,5.12,NA,1592192651.0
435,kidal,18.44,1.41,89.44,13.0,27.0,11.16,ML,1592192651.0
437,cody,44.53,-109.06,64.4,20.0,1.0,16.11,US,1592192379.0
438,olafsvik,64.89,-23.71,47.08,89.0,100.0,13.15,IS,1592192651.0
439,kautokeino,69.01,23.04,54.7,58.0,97.0,15.68,NO,1592192651.0
440,fort nelson,58.81,-122.7,51.8,100.0,90.0,9.17,CA,1592192652.0
441,kendari,-3.94,122.5,81.66,85.0,100.0,6.33,ID,1592192652.0
443,tual,-5.67,132.75,81.34,84.0,0.0,18.16,ID,1592192652.0
444,itarema,-2.92,-39.92,76.55,86.0,6.0,9.71,BR,1592192652.0
445,sinnar,13.57,33.57,81.9,63.0,56.0,22.64,SD,1592192652.0
446,phan thiet,10.93,108.1,84.9,71.0,100.0,2.33,VN,1592192652.0
447,chyhyryn,49.08,32.66,67.33,79.0,3.0,2.57,UA,1592192652.0
448,baker city,44.77,-117.83,54.12,54.0,1.0,5.82,US,1592192652.0
449,murdochville,48.96,-65.5,38.28,77.0,0.0,5.64,CA,1592192653.0
450,camopi,3.17,-52.32,72.23,97.0,61.0,1.01,GF,1592192653.0
451,mairana,-18.12,-63.93,48.06,100.0,2.0,1.21,BO,1592192653.0
452,mount gambier,-37.83,140.77,59.0,82.0,75.0,18.34,AU,1592192653.0
453,bereda,43.27,-7.54,55.0,1.0,68.0,4.0,ES,1592192653.0
454,general roca,-39.03,-67.58,32.0,57.0,90.0,2.48,AR,1592192653.0
455,lipari,38.47,14.95,66.99,83.0,98.0,4.0,IT,1592192653.0
457,vardo,70.37,31.11,48.2,93.0,75.0,16.11,NO,1592192654.0
458,hukuntsi,-24.0,21.75,36.66,75.0,0.0,2.59,BW,1592192654.0
459,rabo de peixe,37.8,-25.58,57.2,87.0,40.0,18.34,PT,1592192654.0
461,awbari,26.59,12.78,77.92,40.0,0.0,12.82,LY,1592192654.0
462,soyaux,45.65,0.2,57.07,93.0,90.0,6.93,FR,1592192654.0
463,bamberg,49.88,10.89,61.09,76.0,100.0,1.99,DE,1592192654.0
464,natal,-5.79,-35.21,76.14,83.0,75.0,4.7,BR,1592192654.0
465,clifton,40.86,-74.16,60.44,59.0,1.0,2.68,US,1592192655.0
466,porbandar,21.64,69.61,84.2,83.0,40.0,4.7,IN,1592192655.0
467,abay,49.63,72.85,59.0,44.0,92.0,22.37,KZ,1592192655.0
468,worthington,40.09,-83.02,59.68,55.0,75.0,9.17,US,1592192655.0
469,ostroleka,53.09,21.58,54.0,51.0,8.0,2.1,PL,1592192655.0
470,ostersund,63.18,14.64,59.0,67.0,26.0,4.7,SE,1592192634.0
471,macia,-25.03,33.1,51.89,96.0,0.0,3.4,MZ,1592192655.0
472,boyolangu,-8.12,111.89,85.62,67.0,57.0,6.26,ID,1592192655.0
473,fare,-16.7,-151.02,81.0,78.0,63.0,12.12,PF,1592192655.0
474,sitka,57.05,-135.33,50.0,81.0,90.0,6.93,US,1592192656.0
475,landerneau,48.45,-4.25,54.75,93.0,100.0,5.82,FR,1592192656.0
476,road town,18.42,-64.62,81.66,85.0,71.0,5.01,VG,1592192483.0
477,storslett,69.77,21.02,45.57,75.0,99.0,11.65,NO,1592192656.0
478,verkh-usugli,52.7,115.17,79.39,32.0,18.0,3.65,RU,1592192656.0
479,sao joao da barra,-21.64,-41.05,71.47,89.0,38.0,17.27,BR,1592192656.0
480,kenai,60.55,-151.26,56.39,71.0,1.0,13.87,US,1592192656.0
481,tygda,53.12,126.33,76.95,33.0,69.0,7.94,RU,1592192656.0
482,fairbanks,64.84,-147.72,65.55,63.0,1.0,3.36,US,1592192437.0
483,ardino,41.58,25.13,66.36,72.0,0.0,5.82,BG,1592192404.0
484,opunake,-39.46,173.86,56.07,50.0,91.0,3.0,NZ,1592192657.0
486,brest,52.1,23.7,57.2,87.0,75.0,4.47,BY,1592192657.0
487,georgiyevka,43.04,74.71,78.8,34.0,88.0,8.95,KZ,1592192657.0
488,chapais,49.78,-74.85,46.4,75.0,1.0,2.24,CA,1592192657.0
489,nizhniy chir,48.36,43.09,68.29,68.0,77.0,21.72,RU,1592192657.0
490,kaeo,-35.1,173.78,59.52,3.0,87.0,5.01,NZ,1592192658.0
491,ongandjera,-17.88,15.07,53.78,42.0,0.0,7.81,NA,1592192658.0
492,panzhihua,26.59,101.71,69.01,81.0,23.0,3.22,CN,1592192658.0
493,mondeville,49.17,-0.32,57.2,93.0,90.0,2.24,FR,1592192658.0
494,severo-kurilsk,50.68,156.12,41.49,92.0,97.0,15.21,RU,1592192658.0
495,taos,36.41,-105.57,61.54,30.0,20.0,11.41,US,1592192658.0
496,deputatskiy,69.3,139.9,72.34,32.0,79.0,10.63,RU,1592192658.0
497,maracaju,-21.61,-55.17,64.33,96.0,1.0,4.59,BR,1592192658.0
498,dawson creek,55.77,-120.24,50.0,87.0,90.0,14.99,CA,1592192659.0
499,anito,12.45,125.29,86.83,65.0,100.0,7.72,PH,1592192659.0
500,luganville,-15.53,167.17,84.2,70.0,40.0,8.05,VU,1592192659.0
501,cabo san lucas,22.89,-109.91,82.17,32.0,5.0,12.75,MX,1592192659.0
502,codrington,-38.27,141.97,59.63,74.0,62.0,17.56,AU,1592192659.0
503,nizhneangarsk,55.78,109.55,59.38,61.0,0.0,3.8,RU,1592192659.0
504,calvia,39.57,2.51,61.03,72.0,0.0,4.7,ES,1592192659.0
505,riyadh,24.69,46.72,80.6,28.0,0.0,4.59,SA,1592192451.0
506,saint-augustin,51.23,-58.65,46.0,58.0,8.0,2.42,CA,1592192660.0
507,north bend,43.41,-124.22,59.74,72.0,90.0,5.82,US,1592192660.0
508,zhangjiakou,40.81,114.88,84.79,14.0,13.0,2.82,CN,1592192660.0
509,fayaoue,-20.65,166.53,74.32,75.0,3.0,19.44,NC,1592192660.0
510,mahebourg,-20.41,57.7,71.6,78.0,40.0,10.29,MU,1592192660.0
511,amarante do maranhao,-5.57,-46.74,70.72,97.0,0.0,3.06,BR,1592192660.0
512,honningsvag,70.98,25.97,46.4,65.0,75.0,31.38,NO,1592192661.0
513,tsabong,-26.02,22.4,42.03,61.0,0.0,7.83,BW,1592192661.0
514,poso,-1.4,120.75,84.65,61.0,45.0,0.45,ID,1592192661.0
515,emirdag,39.02,31.15,62.67,67.0,87.0,6.08,TR,1592192661.0
516,buala,-8.14,159.59,83.73,75.0,99.0,9.75,SB,1592192661.0
517,dwarka,22.24,68.97,88.05,73.0,100.0,12.26,IN,1592192661.0
518,chernyshkovskiy,48.42,42.23,68.61,63.0,83.0,20.4,RU,1592192662.0
519,arrecife,28.96,-13.55,71.6,83.0,79.0,11.41,ES,1592192662.0
520,newtownards,54.59,-5.69,55.2,87.0,100.0,3.36,GB,1592192662.0
521,yakeshi,49.28,120.73,71.33,39.0,33.0,10.76,CN,1592192662.0
522,tondano,1.3,124.91,89.6,66.0,40.0,6.93,ID,1592192662.0
523,karabudakhkent,42.71,47.57,80.6,47.0,19.0,6.71,RU,1592192662.0
524,acapulco,16.86,-99.89,80.94,78.0,85.0,5.61,MX,1592192662.0
525,borbon,10.84,124.03,87.8,66.0,75.0,8.05,PH,1592192663.0
526,wewak,-3.55,143.63,84.72,70.0,100.0,7.4,PG,1592192663.0
527,bentley,53.53,-1.15,54.54,100.0,98.0,4.7,GB,1592192663.0
528,christiansburg,37.13,-80.41,56.34,95.0,100.0,5.53,US,1592192653.0
529,cockburn town,21.46,-71.14,82.45,81.0,80.0,13.85,TC,1592192663.0
530,kruisfontein,-34.0,24.73,52.16,89.0,98.0,5.86,ZA,1592192663.0
531,viru,-8.42,-78.75,68.27,66.0,60.0,2.35,PE,1592192664.0
532,trelew,-43.25,-65.31,45.28,58.0,100.0,0.98,AR,1592192664.0
533,dehloran,32.69,47.27,95.4,11.0,0.0,9.1,IR,1592192664.0
534,borogontsy,62.67,131.17,69.08,47.0,86.0,4.85,RU,1592192664.0
535,biltine,14.53,20.92,82.71,31.0,46.0,6.71,TD,1592192664.0
536,constantine,36.37,6.61,50.0,87.0,0.0,1.36,DZ,1592192664.0
537,porto novo,6.5,2.6,80.6,83.0,40.0,10.29,BJ,1592192664.0
539,djambala,-2.54,14.75,66.92,95.0,21.0,2.64,CG,1592192665.0
540,bandarbeyla,9.49,50.81,84.72,54.0,100.0,27.69,SO,1592192665.0
541,male,4.17,73.51,84.42,76.0,36.0,12.77,MV,1592192665.0
542,hengshui,37.73,115.7,97.7,12.0,100.0,6.33,CN,1592192665.0
543,strezhevoy,60.73,77.59,48.2,61.0,79.0,11.18,RU,1592192665.0
544,guilin,25.28,110.29,82.4,83.0,75.0,6.71,CN,1592192388.0
546,honiara,-9.43,159.95,80.6,88.0,75.0,8.81,SB,1592192665.0
547,ancud,-41.87,-73.82,45.27,100.0,90.0,5.82,CL,1592192666.0
548,denpasar,-8.65,115.22,86.0,84.0,40.0,16.11,ID,1592192604.0
549,puri,19.8,85.85,84.2,100.0,75.0,8.05,IN,1592192666.0
550,hailar,49.2,119.7,73.9,34.0,27.0,9.15,CN,1592192666.0
551,pringsewu,-5.36,104.97,87.8,61.0,39.0,3.67,ID,1592192666.0
552,zyryanka,65.75,150.85,82.6,23.0,100.0,11.01,RU,1592192666.0
553,tura,25.52,90.22,85.42,78.0,57.0,4.05,IN,1592192666.0
554,morondava,-20.28,44.28,68.2,63.0,0.0,8.86,MG,1592192666.0
555,camacha,33.08,-16.33,68.0,88.0,20.0,6.93,PT,1592192667.0
556,tateyama,34.98,139.87,84.43,78.0,75.0,12.75,JP,1592192667.0
557,mananjary,-21.22,48.33,63.84,94.0,98.0,7.61,MG,1592192667.0
558,mayskiy,47.69,40.1,66.2,88.0,20.0,2.24,RU,1592192667.0
559,puerto leguizamo,-0.19,-74.78,70.59,99.0,100.0,1.63,CO,1592192667.0
560,taman,45.21,36.72,62.44,100.0,20.0,2.24,RU,1592192667.0
561,asyut,27.18,31.18,71.6,53.0,0.0,11.41,EG,1592192668.0
562,savonlinna,61.87,28.88,57.2,76.0,7.0,4.7,FI,1592192668.0
563,kaduna,10.52,7.44,73.09,84.0,33.0,4.63,NG,1592192668.0
564,urengoy,65.97,78.37,47.64,53.0,15.0,21.0,RU,1592192668.0
565,kathu,7.92,98.33,80.6,88.0,75.0,3.36,TH,1592192668.0
566,kolyvan,55.31,82.74,57.2,67.0,14.0,8.95,RU,1592192668.0
567,boden,65.83,21.69,62.6,63.0,86.0,6.93,SE,1592192668.0
569,acajutla,13.59,-89.83,69.01,100.0,25.0,2.39,SV,1592192669.0
570,maragogi,-9.01,-35.22,75.81,90.0,39.0,10.07,BR,1592192669.0
571,surt,31.21,16.59,72.93,78.0,0.0,23.31,LY,1592192669.0
572,sechura,-5.56,-80.82,66.34,76.0,65.0,8.95,PE,1592192669.0
573,shilka,51.85,116.03,82.26,31.0,1.0,6.55,RU,1592192669.0
574,brae,60.4,-1.35,48.2,93.0,82.0,5.7,GB,1592192669.0
576,antofagasta,-23.65,-70.4,59.0,82.0,90.0,3.36,CL,1592192670.0
578,chiredzi,-21.05,31.67,49.26,87.0,0.0,0.87,ZW,1592192670.0
579,leninskoye,47.94,132.62,51.1,91.0,100.0,15.12,RU,1592192670.0
580,lannion,48.75,-3.42,53.6,93.0,90.0,2.24,FR,1592192670.0
581,salinas,36.68,-121.66,62.04,63.0,1.0,10.29,US,1592192670.0
584,san ciro de acosta,21.63,-99.82,64.26,72.0,0.0,2.71,MX,1592192671.0
585,marawi,8.0,124.29,84.99,76.0,70.0,7.0,PH,1592192671.0
586,osoyoos,49.03,-119.45,55.2,71.0,75.0,3.36,CA,1592192671.0
587,tiznit,29.58,-9.5,66.67,32.0,38.0,4.56,MA,1592192671.0
588,adrar,20.5,-10.07,93.51,20.0,0.0,17.74,MR,1592192671.0
589,pangnirtung,66.15,-65.71,31.82,94.0,75.0,0.22,CA,1592192671.0
590,farafangana,-22.82,47.83,65.93,76.0,96.0,4.9,MG,1592192672.0
591,tshikapa,-6.42,20.8,64.49,46.0,9.0,2.84,CD,1592192672.0
592,maceio,-9.67,-35.74,73.4,94.0,75.0,4.7,BR,1592192463.0
593,chingirlau,51.09,54.08,62.13,61.0,0.0,5.77,KZ,1592192672.0
594,camana,-16.62,-72.71,62.37,80.0,58.0,4.16,PE,1592192672.0
595,ocos,14.51,-92.19,78.8,100.0,75.0,4.12,GT,1592192672.0
596,murom,55.57,42.04,55.72,77.0,93.0,7.38,RU,1592192672.0
599,christchurch,-43.53,172.63,59.72,62.0,90.0,5.82,NZ,1592192412.0
600,palmer,42.16,-72.33,58.84,55.0,75.0,6.93,US,1592192600.0
601,jiaonan,35.88,119.98,89.26,29.0,100.0,6.71,CN,1592192673.0
602,batagay,67.63,134.63,77.16,26.0,23.0,11.01,RU,1592192673.0
603,warrington,53.39,-2.58,56.79,93.0,100.0,3.36,GB,1592192673.0
604,rawson,-43.3,-65.1,47.97,59.0,99.0,0.38,AR,1592192673.0
605,shwebo,22.57,95.7,93.18,52.0,52.0,13.71,MM,1592192673.0
606,niederkruchten,51.2,6.22,61.84,77.0,91.0,3.36,DE,1592192674.0
607,san isidro,-12.12,-77.05,62.6,88.0,20.0,6.93,PE,1592192476.0
608,moerai,-22.43,-151.33,72.03,62.0,89.0,17.92,PF,1592192674.0
609,belmonte,-15.86,-38.88,71.6,88.0,90.0,5.82,BR,1592192674.0
610,kommunar,59.62,30.39,57.2,71.0,36.0,6.71,RU,1592192674.0
611,guaimaro,21.05,-77.35,73.4,100.0,100.0,4.7,CU,1592192674.0
612,hualmay,-11.1,-77.61,62.06,84.0,19.0,8.39,PE,1592192674.0
614,boshnyakovo,49.63,142.17,49.71,79.0,93.0,4.99,RU,1592192675.0
615,puerto baquerizo moreno,-0.9,-89.6,69.73,84.0,0.0,9.82,EC,1592192675.0
